<?xml version="1.0" encoding="UTF-8"?>
<export version="E">
  <design>
    <source>C:\Users\natha\OneDrive - UW\Fourth Year\WINTER\EE 497\KiCad\chameleon-PCB\STM32tut\STM32tut.kicad_sch</source>
    <date>2/15/2023 1:02:03 PM</date>
    <tool>Eeschema (6.0.5)</tool>
    <sheet number="1" name="/" tstamps="/">
      <title_block>
        <title>Udemy STM32 Demo PCB</title>
        <company>Chameleon</company>
        <rev>0.1</rev>
        <date>2023-02-14</date>
        <source>STM32tut.kicad_sch</source>
        <comment number="1" value=""/>
        <comment number="2" value=""/>
        <comment number="3" value=""/>
        <comment number="4" value=""/>
        <comment number="5" value=""/>
        <comment number="6" value=""/>
        <comment number="7" value=""/>
        <comment number="8" value=""/>
        <comment number="9" value=""/>
      </title_block>
    </sheet>
  </design>
  <components>
    <comp ref="C1">
      <value>22uF</value>
      <footprint>Capacitor_SMD:C_0805_2012Metric_Pad1.18x1.45mm_HandSolder</footprint>
      <libsource lib="Device" part="C" description="Unpolarized capacitor"/>
      <property name="Sheetname" value=""/>
      <property name="Sheetfile" value="STM32tut.kicad_sch"/>
      <sheetpath names="/" tstamps="/"/>
      <tstamps>11e38ab1-277e-46fb-b205-748dee37964a</tstamps>
    </comp>
    <comp ref="C2">
      <value>22uF</value>
      <footprint>Capacitor_SMD:C_0805_2012Metric_Pad1.18x1.45mm_HandSolder</footprint>
      <libsource lib="Device" part="C" description="Unpolarized capacitor"/>
      <property name="Sheetname" value=""/>
      <property name="Sheetfile" value="STM32tut.kicad_sch"/>
      <sheetpath names="/" tstamps="/"/>
      <tstamps>590e471f-6970-4bb7-8c06-d81a2ce04069</tstamps>
    </comp>
    <comp ref="C3">
      <value>10uF</value>
      <footprint>Capacitor_SMD:C_0603_1608Metric_Pad1.08x0.95mm_HandSolder</footprint>
      <libsource lib="Device" part="C" description="Unpolarized capacitor"/>
      <property name="Sheetname" value=""/>
      <property name="Sheetfile" value="STM32tut.kicad_sch"/>
      <sheetpath names="/" tstamps="/"/>
      <tstamps>1e5b2782-e20d-4a93-b5db-e495bcac9352</tstamps>
    </comp>
    <comp ref="C4">
      <value>10pF</value>
      <footprint>Capacitor_SMD:C_0402_1005Metric_Pad0.74x0.62mm_HandSolder</footprint>
      <libsource lib="Device" part="C" description="Unpolarized capacitor"/>
      <property name="Sheetname" value=""/>
      <property name="Sheetfile" value="STM32tut.kicad_sch"/>
      <sheetpath names="/" tstamps="/"/>
      <tstamps>0fc68011-78bd-477c-81a5-15912d8738af</tstamps>
    </comp>
    <comp ref="C5">
      <value>100nF</value>
      <footprint>Capacitor_SMD:C_0402_1005Metric_Pad0.74x0.62mm_HandSolder</footprint>
      <libsource lib="Device" part="C" description="Unpolarized capacitor"/>
      <property name="Sheetname" value=""/>
      <property name="Sheetfile" value="STM32tut.kicad_sch"/>
      <sheetpath names="/" tstamps="/"/>
      <tstamps>960fb356-2533-4f37-a391-e4a6c82ef267</tstamps>
    </comp>
    <comp ref="C6">
      <value>100nF</value>
      <footprint>Capacitor_SMD:C_0402_1005Metric_Pad0.74x0.62mm_HandSolder</footprint>
      <libsource lib="Device" part="C" description="Unpolarized capacitor"/>
      <property name="Sheetname" value=""/>
      <property name="Sheetfile" value="STM32tut.kicad_sch"/>
      <sheetpath names="/" tstamps="/"/>
      <tstamps>4b6a784e-b184-45bf-b177-b40f53d5b139</tstamps>
    </comp>
    <comp ref="C7">
      <value>10pF</value>
      <footprint>Capacitor_SMD:C_0402_1005Metric_Pad0.74x0.62mm_HandSolder</footprint>
      <libsource lib="Device" part="C" description="Unpolarized capacitor"/>
      <property name="Sheetname" value=""/>
      <property name="Sheetfile" value="STM32tut.kicad_sch"/>
      <sheetpath names="/" tstamps="/"/>
      <tstamps>b32af4dc-b458-44de-88c3-cf8d1fb419bc</tstamps>
    </comp>
    <comp ref="C8">
      <value>100nF</value>
      <footprint>Capacitor_SMD:C_0402_1005Metric_Pad0.74x0.62mm_HandSolder</footprint>
      <libsource lib="Device" part="C" description="Unpolarized capacitor"/>
      <property name="Sheetname" value=""/>
      <property name="Sheetfile" value="STM32tut.kicad_sch"/>
      <sheetpath names="/" tstamps="/"/>
      <tstamps>21051419-56d9-4d27-9d23-34182526f939</tstamps>
    </comp>
    <comp ref="C9">
      <value>100nF</value>
      <footprint>Capacitor_SMD:C_0402_1005Metric_Pad0.74x0.62mm_HandSolder</footprint>
      <libsource lib="Device" part="C" description="Unpolarized capacitor"/>
      <property name="Sheetname" value=""/>
      <property name="Sheetfile" value="STM32tut.kicad_sch"/>
      <sheetpath names="/" tstamps="/"/>
      <tstamps>cbd20c51-22ec-48f0-b1d2-cdb55fd289d9</tstamps>
    </comp>
    <comp ref="C10">
      <value>100nF</value>
      <footprint>Capacitor_SMD:C_0402_1005Metric_Pad0.74x0.62mm_HandSolder</footprint>
      <libsource lib="Device" part="C" description="Unpolarized capacitor"/>
      <property name="Sheetname" value=""/>
      <property name="Sheetfile" value="STM32tut.kicad_sch"/>
      <sheetpath names="/" tstamps="/"/>
      <tstamps>0edc8d95-1af9-42de-a1ca-f57b43c1d9f2</tstamps>
    </comp>
    <comp ref="C11">
      <value>10nF</value>
      <footprint>Capacitor_SMD:C_0402_1005Metric_Pad0.74x0.62mm_HandSolder</footprint>
      <libsource lib="Device" part="C" description="Unpolarized capacitor"/>
      <property name="Sheetname" value=""/>
      <property name="Sheetfile" value="STM32tut.kicad_sch"/>
      <sheetpath names="/" tstamps="/"/>
      <tstamps>9785d0ab-34d3-4ab6-bfcf-bc05ce496b6c</tstamps>
    </comp>
    <comp ref="C12">
      <value>1uF</value>
      <footprint>Capacitor_SMD:C_0603_1608Metric_Pad1.08x0.95mm_HandSolder</footprint>
      <libsource lib="Device" part="C" description="Unpolarized capacitor"/>
      <property name="Sheetname" value=""/>
      <property name="Sheetfile" value="STM32tut.kicad_sch"/>
      <sheetpath names="/" tstamps="/"/>
      <tstamps>e4d876f1-f062-44b7-87f0-aa58df674b1a</tstamps>
    </comp>
    <comp ref="C13">
      <value>1uF</value>
      <footprint>Capacitor_SMD:C_0603_1608Metric_Pad1.08x0.95mm_HandSolder</footprint>
      <libsource lib="Device" part="C" description="Unpolarized capacitor"/>
      <property name="Sheetname" value=""/>
      <property name="Sheetfile" value="STM32tut.kicad_sch"/>
      <sheetpath names="/" tstamps="/"/>
      <tstamps>9576f814-35b6-4bb6-959f-50708c35f6e0</tstamps>
    </comp>
    <comp ref="D1">
      <value>RED1.8</value>
      <footprint>LED_SMD:LED_0603_1608Metric_Pad1.05x0.95mm_HandSolder</footprint>
      <libsource lib="Device" part="LED" description="Light emitting diode"/>
      <property name="Sheetname" value=""/>
      <property name="Sheetfile" value="STM32tut.kicad_sch"/>
      <sheetpath names="/" tstamps="/"/>
      <tstamps>6765334f-606a-4167-9dd8-c9fc38f0e30b</tstamps>
    </comp>
    <comp ref="FB1">
      <value>120R</value>
      <footprint>Inductor_SMD:L_0603_1608Metric_Pad1.05x0.95mm_HandSolder</footprint>
      <libsource lib="Device" part="FerriteBead" description="Ferrite bead"/>
      <property name="Sheetname" value=""/>
      <property name="Sheetfile" value="STM32tut.kicad_sch"/>
      <sheetpath names="/" tstamps="/"/>
      <tstamps>39a4eb3f-965c-4720-bc65-cf81ae8e7f99</tstamps>
    </comp>
    <comp ref="H1">
      <value>MountingHole_Pad</value>
      <footprint>MountingHole:MountingHole_2.2mm_M2_Pad</footprint>
      <libsource lib="Mechanical" part="MountingHole_Pad" description="Mounting Hole with connection"/>
      <property name="Sheetname" value=""/>
      <property name="Sheetfile" value="STM32tut.kicad_sch"/>
      <sheetpath names="/" tstamps="/"/>
      <tstamps>cb1cf302-9a36-4210-af5c-405dcf260540</tstamps>
    </comp>
    <comp ref="H2">
      <value>MountingHole_Pad</value>
      <footprint>MountingHole:MountingHole_2.2mm_M2_Pad</footprint>
      <libsource lib="Mechanical" part="MountingHole_Pad" description="Mounting Hole with connection"/>
      <property name="Sheetname" value=""/>
      <property name="Sheetfile" value="STM32tut.kicad_sch"/>
      <sheetpath names="/" tstamps="/"/>
      <tstamps>b39b6aba-f9b8-422a-bb5f-b72f3b9f1877</tstamps>
    </comp>
    <comp ref="H3">
      <value>MountingHole_Pad</value>
      <footprint>MountingHole:MountingHole_2.2mm_M2_Pad</footprint>
      <libsource lib="Mechanical" part="MountingHole_Pad" description="Mounting Hole with connection"/>
      <property name="Sheetname" value=""/>
      <property name="Sheetfile" value="STM32tut.kicad_sch"/>
      <sheetpath names="/" tstamps="/"/>
      <tstamps>c739b34f-9c3e-408d-be7b-beb6fd1b6063</tstamps>
    </comp>
    <comp ref="H4">
      <value>MountingHole_Pad</value>
      <footprint>MountingHole:MountingHole_2.2mm_M2_Pad</footprint>
      <libsource lib="Mechanical" part="MountingHole_Pad" description="Mounting Hole with connection"/>
      <property name="Sheetname" value=""/>
      <property name="Sheetfile" value="STM32tut.kicad_sch"/>
      <sheetpath names="/" tstamps="/"/>
      <tstamps>e2244fa5-2f7b-48a6-b354-d8f913a8da83</tstamps>
    </comp>
    <comp ref="J1">
      <value>Conn_01x04_Male</value>
      <footprint>Connector_PinHeader_2.54mm:PinHeader_1x04_P2.54mm_Vertical</footprint>
      <libsource lib="Connector" part="Conn_01x04_Male" description="Generic connector, single row, 01x04, script generated (kicad-library-utils/schlib/autogen/connector/)"/>
      <property name="Sheetname" value=""/>
      <property name="Sheetfile" value="STM32tut.kicad_sch"/>
      <sheetpath names="/" tstamps="/"/>
      <tstamps>585af300-b6d8-4b5c-8c25-621f6b6c2829</tstamps>
    </comp>
    <comp ref="J2">
      <value>Conn_01x04_Male</value>
      <footprint>Connector_PinHeader_2.54mm:PinHeader_1x04_P2.54mm_Vertical</footprint>
      <libsource lib="Connector" part="Conn_01x04_Male" description="Generic connector, single row, 01x04, script generated (kicad-library-utils/schlib/autogen/connector/)"/>
      <property name="Sheetname" value=""/>
      <property name="Sheetfile" value="STM32tut.kicad_sch"/>
      <sheetpath names="/" tstamps="/"/>
      <tstamps>237b054b-b5c7-4652-ac26-bb08edf598d6</tstamps>
    </comp>
    <comp ref="J3">
      <value>Conn_01x04_Male</value>
      <footprint>Connector_PinHeader_2.54mm:PinHeader_1x04_P2.54mm_Vertical</footprint>
      <libsource lib="Connector" part="Conn_01x04_Male" description="Generic connector, single row, 01x04, script generated (kicad-library-utils/schlib/autogen/connector/)"/>
      <property name="Sheetname" value=""/>
      <property name="Sheetfile" value="STM32tut.kicad_sch"/>
      <sheetpath names="/" tstamps="/"/>
      <tstamps>d5fc353d-e838-4660-ba4e-c589db3c6fb9</tstamps>
    </comp>
    <comp ref="J4">
      <value>USB_B_Micro</value>
      <footprint>Connector_USB:USB_Micro-B_Wuerth_629105150521</footprint>
      <libsource lib="Connector" part="USB_B_Micro" description="USB Micro Type B connector"/>
      <property name="Sheetname" value=""/>
      <property name="Sheetfile" value="STM32tut.kicad_sch"/>
      <sheetpath names="/" tstamps="/"/>
      <tstamps>303f8e47-c06a-4be7-a8d9-0ecd6a27321c</tstamps>
    </comp>
    <comp ref="R1">
      <value>1.5k</value>
      <footprint>Resistor_SMD:R_0402_1005Metric_Pad0.72x0.64mm_HandSolder</footprint>
      <libsource lib="Device" part="R" description="Resistor"/>
      <property name="Sheetname" value=""/>
      <property name="Sheetfile" value="STM32tut.kicad_sch"/>
      <sheetpath names="/" tstamps="/"/>
      <tstamps>fcc15781-8ad7-4269-9e6d-5f04a8082cd6</tstamps>
    </comp>
    <comp ref="R2">
      <value>1.5k</value>
      <footprint>Resistor_SMD:R_0402_1005Metric_Pad0.72x0.64mm_HandSolder</footprint>
      <libsource lib="Device" part="R" description="Resistor"/>
      <property name="Sheetname" value=""/>
      <property name="Sheetfile" value="STM32tut.kicad_sch"/>
      <sheetpath names="/" tstamps="/"/>
      <tstamps>aee3100e-d140-4350-8f75-253578459576</tstamps>
    </comp>
    <comp ref="R3">
      <value>1.5k</value>
      <footprint>Resistor_SMD:R_0402_1005Metric_Pad0.72x0.64mm_HandSolder</footprint>
      <libsource lib="Device" part="R" description="Resistor"/>
      <property name="Sheetname" value=""/>
      <property name="Sheetfile" value="STM32tut.kicad_sch"/>
      <sheetpath names="/" tstamps="/"/>
      <tstamps>73638a54-288c-4937-842b-0741bbc8ef0c</tstamps>
    </comp>
    <comp ref="R4">
      <value>10k</value>
      <footprint>Resistor_SMD:R_0402_1005Metric_Pad0.72x0.64mm_HandSolder</footprint>
      <libsource lib="Device" part="R" description="Resistor"/>
      <property name="Sheetname" value=""/>
      <property name="Sheetfile" value="STM32tut.kicad_sch"/>
      <sheetpath names="/" tstamps="/"/>
      <tstamps>6e6f3c93-43bc-46c0-9ac6-8f217d781c68</tstamps>
    </comp>
    <comp ref="R5">
      <value>1.5k</value>
      <footprint>Resistor_SMD:R_0402_1005Metric_Pad0.72x0.64mm_HandSolder</footprint>
      <libsource lib="Device" part="R" description="Resistor"/>
      <property name="Sheetname" value=""/>
      <property name="Sheetfile" value="STM32tut.kicad_sch"/>
      <sheetpath names="/" tstamps="/"/>
      <tstamps>c4f21da4-7907-45f4-9fcf-cc023486ff71</tstamps>
    </comp>
    <comp ref="SW1">
      <value>SW_SPDT</value>
      <footprint>Button_Switch_SMD:SW_SPDT_PCM12</footprint>
      <libsource lib="Switch" part="SW_SPDT" description="Switch, single pole double throw"/>
      <property name="Sheetname" value=""/>
      <property name="Sheetfile" value="STM32tut.kicad_sch"/>
      <sheetpath names="/" tstamps="/"/>
      <tstamps>b07d818f-651e-406f-b3a7-e80a5dfab06a</tstamps>
    </comp>
    <comp ref="U1">
      <value>AMS1117-3.3</value>
      <footprint>Package_TO_SOT_SMD:SOT-223-3_TabPin2</footprint>
      <datasheet>http://www.advanced-monolithic.com/pdf/ds1117.pdf</datasheet>
      <libsource lib="Regulator_Linear" part="AMS1117-3.3" description="1A Low Dropout regulator, positive, 3.3V fixed output, SOT-223"/>
      <property name="Sheetname" value=""/>
      <property name="Sheetfile" value="STM32tut.kicad_sch"/>
      <sheetpath names="/" tstamps="/"/>
      <tstamps>a43f0101-894b-46b7-8ccc-e16e67fe6904</tstamps>
    </comp>
    <comp ref="U2">
      <value>STM32F103C8T6</value>
      <footprint>Package_QFP:LQFP-48_7x7mm_P0.5mm</footprint>
      <datasheet>http://www.st.com/st-web-ui/static/active/en/resource/technical/document/datasheet/CD00161566.pdf</datasheet>
      <libsource lib="MCU_ST_STM32F1" part="STM32F103C8Tx" description="ARM Cortex-M3 MCU, 64KB flash, 20KB RAM, 72MHz, 2-3.6V, 37 GPIO, LQFP-48"/>
      <property name="Sheetname" value=""/>
      <property name="Sheetfile" value="STM32tut.kicad_sch"/>
      <sheetpath names="/" tstamps="/"/>
      <tstamps>bbe6bbe9-21df-4d93-bd5a-ee57d2cad891</tstamps>
    </comp>
    <comp ref="Y1">
      <value>16MHz</value>
      <footprint>Crystal:Crystal_SMD_3225-4Pin_3.2x2.5mm_HandSoldering</footprint>
      <libsource lib="Device" part="Crystal_GND24" description="Four pin crystal, GND on pins 2 and 4"/>
      <property name="Sheetname" value=""/>
      <property name="Sheetfile" value="STM32tut.kicad_sch"/>
      <sheetpath names="/" tstamps="/"/>
      <tstamps>187fd000-16b4-4d28-823e-3358f0ad8692</tstamps>
    </comp>
  </components>
  <libparts>
    <libpart lib="Connector" part="Conn_01x04_Male">
      <description>Generic connector, single row, 01x04, script generated (kicad-library-utils/schlib/autogen/connector/)</description>
      <docs>~</docs>
      <footprints>
        <fp>Connector*:*_1x??_*</fp>
      </footprints>
      <fields>
        <field name="Reference">J</field>
        <field name="Value">Conn_01x04_Male</field>
        <field name="Datasheet">~</field>
      </fields>
      <pins>
        <pin num="1" name="Pin_1" type="passive"/>
        <pin num="2" name="Pin_2" type="passive"/>
        <pin num="3" name="Pin_3" type="passive"/>
        <pin num="4" name="Pin_4" type="passive"/>
      </pins>
    </libpart>
    <libpart lib="Connector" part="USB_B_Micro">
      <description>USB Micro Type B connector</description>
      <docs>~</docs>
      <footprints>
        <fp>USB*</fp>
      </footprints>
      <fields>
        <field name="Reference">J</field>
        <field name="Value">USB_B_Micro</field>
        <field name="Datasheet">~</field>
      </fields>
      <pins>
        <pin num="1" name="VBUS" type="power_out"/>
        <pin num="2" name="D-" type="bidirectional"/>
        <pin num="3" name="D+" type="bidirectional"/>
        <pin num="4" name="ID" type="passive"/>
        <pin num="5" name="GND" type="power_out"/>
        <pin num="6" name="Shield" type="passive"/>
      </pins>
    </libpart>
    <libpart lib="Device" part="C">
      <description>Unpolarized capacitor</description>
      <docs>~</docs>
      <footprints>
        <fp>C_*</fp>
      </footprints>
      <fields>
        <field name="Reference">C</field>
        <field name="Value">C</field>
        <field name="Datasheet">~</field>
      </fields>
      <pins>
        <pin num="1" name="" type="passive"/>
        <pin num="2" name="" type="passive"/>
      </pins>
    </libpart>
    <libpart lib="Device" part="Crystal_GND24">
      <description>Four pin crystal, GND on pins 2 and 4</description>
      <docs>~</docs>
      <footprints>
        <fp>Crystal*</fp>
      </footprints>
      <fields>
        <field name="Reference">Y</field>
        <field name="Value">Crystal_GND24</field>
        <field name="Datasheet">~</field>
      </fields>
      <pins>
        <pin num="1" name="1" type="passive"/>
        <pin num="2" name="2" type="passive"/>
        <pin num="3" name="3" type="passive"/>
        <pin num="4" name="4" type="passive"/>
      </pins>
    </libpart>
    <libpart lib="Device" part="FerriteBead">
      <description>Ferrite bead</description>
      <docs>~</docs>
      <footprints>
        <fp>Inductor_*</fp>
        <fp>L_*</fp>
        <fp>*Ferrite*</fp>
      </footprints>
      <fields>
        <field name="Reference">FB</field>
        <field name="Value">FerriteBead</field>
        <field name="Datasheet">~</field>
      </fields>
      <pins>
        <pin num="1" name="" type="passive"/>
        <pin num="2" name="" type="passive"/>
      </pins>
    </libpart>
    <libpart lib="Device" part="LED">
      <description>Light emitting diode</description>
      <docs>~</docs>
      <footprints>
        <fp>LED*</fp>
        <fp>LED_SMD:*</fp>
        <fp>LED_THT:*</fp>
      </footprints>
      <fields>
        <field name="Reference">D</field>
        <field name="Value">LED</field>
        <field name="Datasheet">~</field>
      </fields>
      <pins>
        <pin num="1" name="K" type="passive"/>
        <pin num="2" name="A" type="passive"/>
      </pins>
    </libpart>
    <libpart lib="Device" part="R">
      <description>Resistor</description>
      <docs>~</docs>
      <footprints>
        <fp>R_*</fp>
      </footprints>
      <fields>
        <field name="Reference">R</field>
        <field name="Value">R</field>
        <field name="Datasheet">~</field>
      </fields>
      <pins>
        <pin num="1" name="" type="passive"/>
        <pin num="2" name="" type="passive"/>
      </pins>
    </libpart>
    <libpart lib="MCU_ST_STM32F1" part="STM32F103C8Tx">
      <description>ARM Cortex-M3 MCU, 64KB flash, 20KB RAM, 72MHz, 2-3.6V, 37 GPIO, LQFP-48</description>
      <docs>http://www.st.com/st-web-ui/static/active/en/resource/technical/document/datasheet/CD00161566.pdf</docs>
      <footprints>
        <fp>LQFP*7x7mm*P0.5mm*</fp>
      </footprints>
      <fields>
        <field name="Reference">U</field>
        <field name="Value">STM32F103C8Tx</field>
        <field name="Footprint">Package_QFP:LQFP-48_7x7mm_P0.5mm</field>
        <field name="Datasheet">http://www.st.com/st-web-ui/static/active/en/resource/technical/document/datasheet/CD00161566.pdf</field>
      </fields>
      <pins>
        <pin num="1" name="VBAT" type="power_in"/>
        <pin num="2" name="PC13" type="bidirectional"/>
        <pin num="3" name="PC14" type="bidirectional"/>
        <pin num="4" name="PC15" type="bidirectional"/>
        <pin num="5" name="PD0" type="input"/>
        <pin num="6" name="PD1" type="input"/>
        <pin num="7" name="NRST" type="input"/>
        <pin num="8" name="VSSA" type="power_in"/>
        <pin num="9" name="VDDA" type="power_in"/>
        <pin num="10" name="PA0" type="bidirectional"/>
        <pin num="11" name="PA1" type="bidirectional"/>
        <pin num="12" name="PA2" type="bidirectional"/>
        <pin num="13" name="PA3" type="bidirectional"/>
        <pin num="14" name="PA4" type="bidirectional"/>
        <pin num="15" name="PA5" type="bidirectional"/>
        <pin num="16" name="PA6" type="bidirectional"/>
        <pin num="17" name="PA7" type="bidirectional"/>
        <pin num="18" name="PB0" type="bidirectional"/>
        <pin num="19" name="PB1" type="bidirectional"/>
        <pin num="20" name="PB2" type="bidirectional"/>
        <pin num="21" name="PB10" type="bidirectional"/>
        <pin num="22" name="PB11" type="bidirectional"/>
        <pin num="23" name="VSS" type="power_in"/>
        <pin num="24" name="VDD" type="power_in"/>
        <pin num="25" name="PB12" type="bidirectional"/>
        <pin num="26" name="PB13" type="bidirectional"/>
        <pin num="27" name="PB14" type="bidirectional"/>
        <pin num="28" name="PB15" type="bidirectional"/>
        <pin num="29" name="PA8" type="bidirectional"/>
        <pin num="30" name="PA9" type="bidirectional"/>
        <pin num="31" name="PA10" type="bidirectional"/>
        <pin num="32" name="PA11" type="bidirectional"/>
        <pin num="33" name="PA12" type="bidirectional"/>
        <pin num="34" name="PA13" type="bidirectional"/>
        <pin num="35" name="VSS" type="power_in"/>
        <pin num="36" name="VDD" type="power_in"/>
        <pin num="37" name="PA14" type="bidirectional"/>
        <pin num="38" name="PA15" type="bidirectional"/>
        <pin num="39" name="PB3" type="bidirectional"/>
        <pin num="40" name="PB4" type="bidirectional"/>
        <pin num="41" name="PB5" type="bidirectional"/>
        <pin num="42" name="PB6" type="bidirectional"/>
        <pin num="43" name="PB7" type="bidirectional"/>
        <pin num="44" name="BOOT0" type="input"/>
        <pin num="45" name="PB8" type="bidirectional"/>
        <pin num="46" name="PB9" type="bidirectional"/>
        <pin num="47" name="VSS" type="power_in"/>
        <pin num="48" name="VDD" type="power_in"/>
      </pins>
    </libpart>
    <libpart lib="Mechanical" part="MountingHole_Pad">
      <description>Mounting Hole with connection</description>
      <docs>~</docs>
      <footprints>
        <fp>MountingHole*Pad*</fp>
      </footprints>
      <fields>
        <field name="Reference">H</field>
        <field name="Value">MountingHole_Pad</field>
        <field name="Datasheet">~</field>
      </fields>
      <pins>
        <pin num="1" name="1" type="input"/>
      </pins>
    </libpart>
    <libpart lib="Regulator_Linear" part="AMS1117-3.3">
      <description>1A Low Dropout regulator, positive, 3.3V fixed output, SOT-223</description>
      <docs>http://www.advanced-monolithic.com/pdf/ds1117.pdf</docs>
      <footprints>
        <fp>SOT?223*TabPin2*</fp>
      </footprints>
      <fields>
        <field name="Reference">U</field>
        <field name="Value">AMS1117-3.3</field>
        <field name="Footprint">Package_TO_SOT_SMD:SOT-223-3_TabPin2</field>
        <field name="Datasheet">http://www.advanced-monolithic.com/pdf/ds1117.pdf</field>
      </fields>
      <pins>
        <pin num="1" name="GND" type="power_in"/>
        <pin num="2" name="VO" type="power_out"/>
        <pin num="3" name="VI" type="power_in"/>
      </pins>
    </libpart>
    <libpart lib="Switch" part="SW_SPDT">
      <description>Switch, single pole double throw</description>
      <docs>~</docs>
      <fields>
        <field name="Reference">SW</field>
        <field name="Value">SW_SPDT</field>
        <field name="Datasheet">~</field>
      </fields>
      <pins>
        <pin num="1" name="A" type="passive"/>
        <pin num="2" name="B" type="passive"/>
        <pin num="3" name="C" type="passive"/>
      </pins>
    </libpart>
  </libparts>
  <libraries>
    <library logical="Connector">
      <uri>C:\Program Files\KiCad\6.0\share\kicad\symbols\/Connector.kicad_sym</uri>
    </library>
    <library logical="Device">
      <uri>C:\Program Files\KiCad\6.0\share\kicad\symbols\/Device.kicad_sym</uri>
    </library>
    <library logical="MCU_ST_STM32F1">
      <uri>C:\Program Files\KiCad\6.0\share\kicad\symbols\/MCU_ST_STM32F1.kicad_sym</uri>
    </library>
    <library logical="Mechanical">
      <uri>C:\Program Files\KiCad\6.0\share\kicad\symbols\/Mechanical.kicad_sym</uri>
    </library>
    <library logical="Regulator_Linear">
      <uri>C:\Program Files\KiCad\6.0\share\kicad\symbols\/Regulator_Linear.kicad_sym</uri>
    </library>
    <library logical="Switch">
      <uri>C:\Program Files\KiCad\6.0\share\kicad\symbols\/Switch.kicad_sym</uri>
    </library>
  </libraries>
  <nets>
    <net code="1" name="+3.3VA">
      <node ref="C11" pin="1" pintype="passive"/>
      <node ref="C12" pin="1" pintype="passive"/>
      <node ref="FB1" pin="1" pintype="passive"/>
      <node ref="U2" pin="9" pinfunction="VDDA" pintype="power_in"/>
    </net>
    <net code="2" name="+3V3">
      <node ref="C10" pin="1" pintype="passive"/>
      <node ref="C13" pin="1" pintype="passive"/>
      <node ref="C2" pin="1" pintype="passive"/>
      <node ref="C3" pin="1" pintype="passive"/>
      <node ref="C6" pin="1" pintype="passive"/>
      <node ref="C8" pin="1" pintype="passive"/>
      <node ref="C9" pin="1" pintype="passive"/>
      <node ref="D1" pin="2" pinfunction="A" pintype="passive"/>
      <node ref="FB1" pin="2" pintype="passive"/>
      <node ref="J1" pin="1" pinfunction="Pin_1" pintype="passive"/>
      <node ref="J2" pin="1" pinfunction="Pin_1" pintype="passive"/>
      <node ref="J3" pin="1" pinfunction="Pin_1" pintype="passive"/>
      <node ref="R2" pin="1" pintype="passive"/>
      <node ref="R3" pin="1" pintype="passive"/>
      <node ref="R5" pin="1" pintype="passive"/>
      <node ref="SW1" pin="3" pinfunction="C" pintype="passive"/>
      <node ref="U1" pin="2" pinfunction="VO" pintype="power_out"/>
      <node ref="U2" pin="1" pinfunction="VBAT" pintype="power_in"/>
      <node ref="U2" pin="24" pinfunction="VDD" pintype="power_in"/>
      <node ref="U2" pin="36" pinfunction="VDD" pintype="power_in"/>
      <node ref="U2" pin="48" pinfunction="VDD" pintype="power_in"/>
    </net>
    <net code="3" name="/BOOT0">
      <node ref="R4" pin="2" pintype="passive"/>
      <node ref="U2" pin="44" pinfunction="BOOT0" pintype="input"/>
    </net>
    <net code="4" name="/HSE_IN">
      <node ref="C4" pin="1" pintype="passive"/>
      <node ref="U2" pin="5" pinfunction="PD0" pintype="input"/>
      <node ref="Y1" pin="1" pinfunction="1" pintype="passive"/>
    </net>
    <net code="5" name="/HSE_OUT">
      <node ref="C7" pin="1" pintype="passive"/>
      <node ref="U2" pin="6" pinfunction="PD1" pintype="input"/>
      <node ref="Y1" pin="3" pinfunction="3" pintype="passive"/>
    </net>
    <net code="6" name="/I2C2_SCL">
      <node ref="J2" pin="2" pinfunction="Pin_2" pintype="passive"/>
      <node ref="R2" pin="2" pintype="passive"/>
      <node ref="U2" pin="21" pinfunction="PB10" pintype="bidirectional"/>
    </net>
    <net code="7" name="/I2C2_SDA">
      <node ref="J2" pin="3" pinfunction="Pin_3" pintype="passive"/>
      <node ref="R3" pin="2" pintype="passive"/>
      <node ref="U2" pin="22" pinfunction="PB11" pintype="bidirectional"/>
    </net>
    <net code="8" name="/NRST">
      <node ref="C5" pin="1" pintype="passive"/>
      <node ref="U2" pin="7" pinfunction="NRST" pintype="input"/>
    </net>
    <net code="9" name="/POWER_LED_K">
      <node ref="D1" pin="1" pinfunction="K" pintype="passive"/>
      <node ref="R1" pin="1" pintype="passive"/>
    </net>
    <net code="10" name="/SWCLK">
      <node ref="J3" pin="3" pinfunction="Pin_3" pintype="passive"/>
      <node ref="U2" pin="37" pinfunction="PA14" pintype="bidirectional"/>
    </net>
    <net code="11" name="/SWDIO">
      <node ref="J3" pin="2" pinfunction="Pin_2" pintype="passive"/>
      <node ref="U2" pin="34" pinfunction="PA13" pintype="bidirectional"/>
    </net>
    <net code="12" name="/SW_BOOT0">
      <node ref="R4" pin="1" pintype="passive"/>
      <node ref="SW1" pin="2" pinfunction="B" pintype="passive"/>
    </net>
    <net code="13" name="/UART1_RX">
      <node ref="J1" pin="3" pinfunction="Pin_3" pintype="passive"/>
      <node ref="U2" pin="43" pinfunction="PB7" pintype="bidirectional"/>
    </net>
    <net code="14" name="/UART1_TX">
      <node ref="J1" pin="2" pinfunction="Pin_2" pintype="passive"/>
      <node ref="U2" pin="42" pinfunction="PB6" pintype="bidirectional"/>
    </net>
    <net code="15" name="/USB_D+">
      <node ref="J4" pin="3" pinfunction="D+" pintype="bidirectional"/>
      <node ref="R5" pin="2" pintype="passive"/>
      <node ref="U2" pin="33" pinfunction="PA12" pintype="bidirectional"/>
    </net>
    <net code="16" name="/USB_D-">
      <node ref="J4" pin="2" pinfunction="D-" pintype="bidirectional"/>
      <node ref="U2" pin="32" pinfunction="PA11" pintype="bidirectional"/>
    </net>
    <net code="17" name="GND">
      <node ref="C1" pin="2" pintype="passive"/>
      <node ref="C10" pin="2" pintype="passive"/>
      <node ref="C11" pin="2" pintype="passive"/>
      <node ref="C12" pin="2" pintype="passive"/>
      <node ref="C13" pin="2" pintype="passive"/>
      <node ref="C2" pin="2" pintype="passive"/>
      <node ref="C3" pin="2" pintype="passive"/>
      <node ref="C4" pin="2" pintype="passive"/>
      <node ref="C5" pin="2" pintype="passive"/>
      <node ref="C6" pin="2" pintype="passive"/>
      <node ref="C7" pin="2" pintype="passive"/>
      <node ref="C8" pin="2" pintype="passive"/>
      <node ref="C9" pin="2" pintype="passive"/>
      <node ref="H1" pin="1" pinfunction="1" pintype="input"/>
      <node ref="H2" pin="1" pinfunction="1" pintype="input"/>
      <node ref="H3" pin="1" pinfunction="1" pintype="input"/>
      <node ref="H4" pin="1" pinfunction="1" pintype="input"/>
      <node ref="J1" pin="4" pinfunction="Pin_4" pintype="passive"/>
      <node ref="J2" pin="4" pinfunction="Pin_4" pintype="passive"/>
      <node ref="J3" pin="4" pinfunction="Pin_4" pintype="passive"/>
      <node ref="J4" pin="5" pinfunction="GND" pintype="power_out"/>
      <node ref="R1" pin="2" pintype="passive"/>
      <node ref="SW1" pin="1" pinfunction="A" pintype="passive"/>
      <node ref="U1" pin="1" pinfunction="GND" pintype="power_in"/>
      <node ref="U2" pin="23" pinfunction="VSS" pintype="power_in"/>
      <node ref="U2" pin="35" pinfunction="VSS" pintype="power_in"/>
      <node ref="U2" pin="47" pinfunction="VSS" pintype="power_in"/>
      <node ref="U2" pin="8" pinfunction="VSSA" pintype="power_in"/>
      <node ref="Y1" pin="2" pinfunction="2" pintype="passive"/>
      <node ref="Y1" pin="4" pinfunction="4" pintype="passive"/>
    </net>
    <net code="18" name="VBUS">
      <node ref="C1" pin="1" pintype="passive"/>
      <node ref="J4" pin="1" pinfunction="VBUS" pintype="power_out"/>
      <node ref="U1" pin="3" pinfunction="VI" pintype="power_in"/>
    </net>
    <net code="19" name="unconnected-(J4-Pad4)">
      <node ref="J4" pin="4" pinfunction="ID" pintype="passive+no_connect"/>
    </net>
    <net code="20" name="unconnected-(J4-Pad6)">
      <node ref="J4" pin="6" pinfunction="Shield" pintype="passive+no_connect"/>
    </net>
    <net code="21" name="unconnected-(U2-Pad2)">
      <node ref="U2" pin="2" pinfunction="PC13" pintype="bidirectional+no_connect"/>
    </net>
    <net code="22" name="unconnected-(U2-Pad3)">
      <node ref="U2" pin="3" pinfunction="PC14" pintype="bidirectional+no_connect"/>
    </net>
    <net code="23" name="unconnected-(U2-Pad4)">
      <node ref="U2" pin="4" pinfunction="PC15" pintype="bidirectional+no_connect"/>
    </net>
    <net code="24" name="unconnected-(U2-Pad10)">
      <node ref="U2" pin="10" pinfunction="PA0" pintype="bidirectional+no_connect"/>
    </net>
    <net code="25" name="unconnected-(U2-Pad11)">
      <node ref="U2" pin="11" pinfunction="PA1" pintype="bidirectional+no_connect"/>
    </net>
    <net code="26" name="unconnected-(U2-Pad12)">
      <node ref="U2" pin="12" pinfunction="PA2" pintype="bidirectional+no_connect"/>
    </net>
    <net code="27" name="unconnected-(U2-Pad13)">
      <node ref="U2" pin="13" pinfunction="PA3" pintype="bidirectional+no_connect"/>
    </net>
    <net code="28" name="unconnected-(U2-Pad14)">
      <node ref="U2" pin="14" pinfunction="PA4" pintype="bidirectional+no_connect"/>
    </net>
    <net code="29" name="unconnected-(U2-Pad15)">
      <node ref="U2" pin="15" pinfunction="PA5" pintype="bidirectional+no_connect"/>
    </net>
    <net code="30" name="unconnected-(U2-Pad16)">
      <node ref="U2" pin="16" pinfunction="PA6" pintype="bidirectional+no_connect"/>
    </net>
    <net code="31" name="unconnected-(U2-Pad17)">
      <node ref="U2" pin="17" pinfunction="PA7" pintype="bidirectional+no_connect"/>
    </net>
    <net code="32" name="unconnected-(U2-Pad18)">
      <node ref="U2" pin="18" pinfunction="PB0" pintype="bidirectional+no_connect"/>
    </net>
    <net code="33" name="unconnected-(U2-Pad19)">
      <node ref="U2" pin="19" pinfunction="PB1" pintype="bidirectional+no_connect"/>
    </net>
    <net code="34" name="unconnected-(U2-Pad20)">
      <node ref="U2" pin="20" pinfunction="PB2" pintype="bidirectional+no_connect"/>
    </net>
    <net code="35" name="unconnected-(U2-Pad25)">
      <node ref="U2" pin="25" pinfunction="PB12" pintype="bidirectional+no_connect"/>
    </net>
    <net code="36" name="unconnected-(U2-Pad26)">
      <node ref="U2" pin="26" pinfunction="PB13" pintype="bidirectional+no_connect"/>
    </net>
    <net code="37" name="unconnected-(U2-Pad27)">
      <node ref="U2" pin="27" pinfunction="PB14" pintype="bidirectional+no_connect"/>
    </net>
    <net code="38" name="unconnected-(U2-Pad28)">
      <node ref="U2" pin="28" pinfunction="PB15" pintype="bidirectional+no_connect"/>
    </net>
    <net code="39" name="unconnected-(U2-Pad29)">
      <node ref="U2" pin="29" pinfunction="PA8" pintype="bidirectional+no_connect"/>
    </net>
    <net code="40" name="unconnected-(U2-Pad30)">
      <node ref="U2" pin="30" pinfunction="PA9" pintype="bidirectional+no_connect"/>
    </net>
    <net code="41" name="unconnected-(U2-Pad31)">
      <node ref="U2" pin="31" pinfunction="PA10" pintype="bidirectional+no_connect"/>
    </net>
    <net code="42" name="unconnected-(U2-Pad38)">
      <node ref="U2" pin="38" pinfunction="PA15" pintype="bidirectional+no_connect"/>
    </net>
    <net code="43" name="unconnected-(U2-Pad39)">
      <node ref="U2" pin="39" pinfunction="PB3" pintype="bidirectional+no_connect"/>
    </net>
    <net code="44" name="unconnected-(U2-Pad40)">
      <node ref="U2" pin="40" pinfunction="PB4" pintype="bidirectional+no_connect"/>
    </net>
    <net code="45" name="unconnected-(U2-Pad41)">
      <node ref="U2" pin="41" pinfunction="PB5" pintype="bidirectional+no_connect"/>
    </net>
    <net code="46" name="unconnected-(U2-Pad45)">
      <node ref="U2" pin="45" pinfunction="PB8" pintype="bidirectional+no_connect"/>
    </net>
    <net code="47" name="unconnected-(U2-Pad46)">
      <node ref="U2" pin="46" pinfunction="PB9" pintype="bidirectional+no_connect"/>
    </net>
  </nets>
</export>
